[{"model": "main.teacher", "pk": 1, "fields": {"full_name": "priya", "email": "priya@gmail.com", "password": "priya", "qualification": "bsc", "mobile_no": "6374291618", "skills": "python", "image": "", "is_approved": true}}, {"model": "main.teacher", "pk": 2, "fields": {"full_name": "arav", "email": "arav@gmail.com", "password": "pbkdf2_sha256$1000000$Qrxho6q9wh7IcASvqgkzrH$fMCJT13DKCNMj5TyIqmlebmMGQrxuq3HuzehFVeg6xg=", "qualification": "BSC Computer Science and Engineering", "mobile_no": "6374291619", "skills": "Java & Python", "image": "teacher_images/How-to-Become-a-Teacher-1024x683.webp", "is_approved": true}}, {"model": "main.teacher", "pk": 3, "fields": {"full_name": "sushma", "email": "sushma@gmail.com", "password": "pbkdf2_sha256$1000000$oClXOcXFnqtFlzF0hoF4y5$MMfkW+VZXAHBqpkx0C4HLEAosjiEYfJ+iYYhwncZ/bo=", "qualification": "Bsc computer science", "mobile_no": "9876545678", "skills": "python", "image": "", "is_approved": true}}, {"model": "main.teacher", "pk": 4, "fields": {"full_name": "SamKaran", "email": "samkaran@gmail.com", "password": "pbkdf2_sha256$1000000$V8O3l3eAmd72gWNlcvBiuW$HTD6k2qa04ojOpTKMv420jshXAibvf7nYzr8cgGSAzM=", "qualification": "B.Sc", "mobile_no": "9876543456", "skills": "Python", "image": "", "is_approved": false}}, {"model": "main.teacher", "pk": 5, "fields": {"full_name": "viji", "email": "viji@gmail.com", "password": "pbkdf2_sha256$1000000$6PrSXBTz0FddPhb297MUbG$ZEGZjPZYaBuhLJkw81P35bCHXz3bfjMDY1WDBdU9Nz0=", "qualification": "B.Sc Computer Science", "mobile_no": "9500372433", "skills": "Python", "image": "teacher_images/Tips-to-landing-your-first-ESL-teaching-job-800x600.jpg", "is_approved": false}}, {"model": "main.teacher", "pk": 6, "fields": {"full_name": "jai", "email": "jai@gmail.com", "password": "pbkdf2_sha256$1000000$3yZ5tbdgend4owNq3yiCBm$RaXhv5UKWIfFVy64OMZPYTbPMp5xjfdpzItOXzspp6o=", "qualification": "bsc maths", "mobile_no": "6374291619", "skills": "ai", "image": "teacher_images/Capture.JPG", "is_approved": true}}, {"model": "main.coursecategory", "pk": 11, "fields": {"title": "Certified GenAI Creator", "description": "A 3-week, industry-aligned program that teaches learners how to use Generative AI tools, build AI agents, automate workflows, and create portfolio-ready projects. Ideal for students and professionals looking to gain in-demand GenAI skills, with select tracks recognized via IBM Partner Plus."}}, {"model": "main.coursecategory", "pk": 12, "fields": {"title": "AI & Machine Learning Professional Track", "description": "A practical, project-driven course covering supervised and unsupervised learning, model deployment, MLOps basics, and real-world case studies. Perfect for professionals seeking career transition or upskilling in core machine learning."}}, {"model": "main.coursecategory", "pk": 13, "fields": {"title": "Data Science & Business Analytics Program", "description": "A comprehensive foundation in statistics, Python, data cleaning, dashboards, and predictive analytics. Learners build actionable insights for business problems and graduate with a complete analytics portfolio."}}, {"model": "main.coursecategory", "pk": 14, "fields": {"title": "AIpreneur Starter Pack", "description": "An entrepreneurship-focused program for founders, innovators, and early-stage teams. Participants learn how to validate ideas, integrate AI into business models, build MVPs using GenAI, and pitch AI-powered products with expert mentorship."}}, {"model": "main.coursecategory", "pk": 15, "fields": {"title": "Robotics & IoT Foundations", "description": "A hands-on, beginner-friendly program introducing robotics, electronics, sensors, IoT systems, and block/Python coding. Students design and assemble their own robots, making STEM and AI accessible and exciting."}}, {"model": "main.coursecategory", "pk": 16, "fields": {"title": "Agentic AI Bootcamp", "description": "A specialized program focusing on next-generation autonomous AI systems. Learners build custom agents that can reason, plan, take actions, and integrate with APIsskills increasingly in demand across industries."}}, {"model": "main.coursecategory", "pk": 17, "fields": {"title": "Corporate AI Transformation Bootcamp", "description": "A 612 week learning pathway for enterprises aiming to scale AI adoption. Tailored for business leaders and teams, this bootcamp focuses on automation, workflow optimization, data strategy, and immediate ROI-driven AI applications."}}, {"model": "main.coursecategory", "pk": 18, "fields": {"title": "Generative AI for Creative Industries", "description": "A creativity-focused program teaching AI for content creation, design, marketing, scriptwriting, social media automation, and multimedia generation. Ideal for marketers, designers, educators, and creators wanting to use AI as a co-pilot."}}, {"model": "main.course", "pk": 10, "fields": {"category": 11, "teacher": 2, "title": "GenAI Creator Certification Program", "description": "Master prompt engineering, AI agents, and GenAI workflows using cutting-edge tools.\r\nBuild deployable AI projects aligned with industry and IBM Partner Plus standards.", "featured_img": "course_imgs/mlm-chugani-ai-agent-frameworks-feature-image.webp", "techs": "AI Agents Frameworks", "course_views": 2}}, {"model": "main.course", "pk": 11, "fields": {"category": 12, "teacher": 2, "title": "Professional Program in AI & Machine Learning", "description": "Learn core ML algorithms, model training pipelines, and real-world deployment.\r\nWork on end-to-end projects using Python, TensorFlow, Scikit-Learn, and MLOps basics.", "featured_img": "course_imgs/1757850636665.png", "techs": "NumPy & Pandas", "course_views": 12}}, {"model": "main.course", "pk": 12, "fields": {"category": 13, "teacher": 2, "title": "Data Science & Business Analytics Mastertrack", "description": "Gain hands-on skills in Python, data wrangling, dashboards, and predictive analytics.\r\nTransform raw datasets into insights using Pandas, NumPy, and Power BI.", "featured_img": "course_imgs/photo_powerbi.jpg", "techs": "Power BI / Tableau", "course_views": 4}}, {"model": "main.course", "pk": 13, "fields": {"category": 14, "teacher": 2, "title": "AIpreneur: AI Startup Launch Program", "description": "Blend AI technologies with startup strategy to build AI-driven products.\r\nCreate prototypes using GenAI, LLM APIs, and automation tools with guided mentorship.", "featured_img": "course_imgs/python-training-institute_wQFtDgH.webp", "techs": "Python", "course_views": 0}}, {"model": "main.course", "pk": 14, "fields": {"category": 15, "teacher": 2, "title": "Foundations in Robotics & IoT Engineering", "description": "Explore sensors, microcontrollers, and robotic mechanisms through project-based learning.\r\nBuild and program IoT-enabled robots using Arduino, Python, and real-time data flows.", "featured_img": "course_imgs/21a68fa0-00a6-4513-95a4-d06900a4c3dd_Frame144432x.avif", "techs": "IoT Platforms (Blynk, NodeMCU)", "course_views": 10}}, {"model": "main.course", "pk": 15, "fields": {"category": 16, "teacher": 2, "title": "Agentic AI Development Bootcamp", "description": "Learn how autonomous AI agents plan, reason, and execute tasks across systems.\r\nBuild multi-agent workflows using LLM orchestration, API integrations, and tool use.", "featured_img": "course_imgs/image-fk11nx5-67b57f0e00c58.webp", "techs": "LLM Tool Calling", "course_views": 0}}, {"model": "main.course", "pk": 16, "fields": {"category": 17, "teacher": 2, "title": "Enterprise AI Transformation Bootcamp", "description": "Equip teams with practical AI, automation, and data-driven decision-making skills.\r\nDevelop internal AI solutions using enterprise tools and measurable ROI frameworks.", "featured_img": "course_imgs/Generative-AI-on-Cloud-Platforms-GCP-AWS-and-Azure.png", "techs": "Cloud AI Platforms (Azure/OpenAI/AWS)", "course_views": 6}}, {"model": "main.course", "pk": 17, "fields": {"category": 18, "teacher": 2, "title": "GenAI for Creators & Digital Innovators", "description": "Use GenAI models for design, marketing automation, multimedia creation, and branding.\r\nApply LLMs, image generators, and workflow tools to accelerate creative output.", "featured_img": "course_imgs/ai-engineer_zP0lka6.jpg", "techs": "Video AI Tools (Runway, Pika)", "course_views": 4}}, {"model": "main.course", "pk": 18, "fields": {"category": 15, "teacher": 5, "title": "Autonomous Mobile Robots (AMR)", "description": "Robots used in manufacturing for automating repetitive and heavy-duty tasks such as welding, assembling, painting, and material handling. These robots improve precision, safety, and productivity.", "featured_img": "course_imgs/DSC_4510-Edit-scaled_gHbTnXg.jpg", "techs": "ROS (Robot Operating System)", "course_views": 4}}, {"model": "main.student", "pk": 1, "fields": {"fullname": "priyanka", "email": "priyankapranika17@gmail.com", "password": "priyanka", "username": "priyanka", "interseted_categories": "Data analyst", "image": "student_images/Gemini_Generated_Image_8u3y5u8u3y5u8u3y.png", "is_approved": true}}, {"model": "main.student", "pk": 2, "fields": {"fullname": "arav", "email": "aravhammer@gmail.com", "password": "arav", "username": "arav", "interseted_categories": "java", "image": "", "is_approved": true}}, {"model": "main.student", "pk": 3, "fields": {"fullname": "Sam", "email": "sam@gmail.com", "password": "sam", "username": "Sam N", "interseted_categories": "Python", "image": "", "is_approved": false}}, {"model": "main.student", "pk": 4, "fields": {"fullname": "jessi", "email": "jessi@gmail.com", "password": "jessi", "username": "jessi", "interseted_categories": "powerbi", "image": "student_images/signature_hr.jpg", "is_approved": true}}, {"model": "main.studentcourseenrollment", "pk": 3, "fields": {"course": null, "student": null, "enrolled_time": "2025-11-04T11:24:41.957Z"}}, {"model": "main.studentcourseenrollment", "pk": 4, "fields": {"course": 10, "student": 1, "enrolled_time": "2025-11-28T16:50:58.299Z"}}, {"model": "main.studentcourseenrollment", "pk": 5, "fields": {"course": 11, "student": 1, "enrolled_time": "2025-11-28T18:58:00.144Z"}}, {"model": "main.studentcourseenrollment", "pk": 6, "fields": {"course": 17, "student": 1, "enrolled_time": "2025-11-28T18:58:12.086Z"}}, {"model": "main.studentcourseenrollment", "pk": 7, "fields": {"course": 16, "student": 1, "enrolled_time": "2025-11-28T20:35:34.384Z"}}, {"model": "main.studentcourseenrollment", "pk": 8, "fields": {"course": 18, "student": 1, "enrolled_time": "2025-11-29T15:56:22.944Z"}}, {"model": "main.studentcourseenrollment", "pk": 9, "fields": {"course": 14, "student": 4, "enrolled_time": "2025-12-06T17:23:53.230Z"}}, {"model": "main.studentcourseenrollment", "pk": 10, "fields": {"course": 11, "student": 4, "enrolled_time": "2025-12-11T10:37:38.691Z"}}, {"model": "main.courserating", "pk": 3, "fields": {"course": 11, "student": 1, "rating": 5, "reviews": "This course is very usefull for us", "review_time": "2025-11-28T06:52:23.032Z"}}, {"model": "main.courserating", "pk": 4, "fields": {"course": 12, "student": 1, "rating": 5, "reviews": "The Power BI course helped me turn raw data into clear, actionable dashboards within weeks. The hands-on projects boosted my confidence to present insights like a true analyst.", "review_time": "2025-11-28T06:54:02.130Z"}}, {"model": "main.courserating", "pk": 5, "fields": {"course": 14, "student": 1, "rating": 4, "reviews": "The IoT course made sensors, microcontrollers, and real-time data feel easy to understand and build with. I was able to create my first connected device confidently through the hands-on projects.", "review_time": "2025-11-28T06:55:23.233Z"}}, {"model": "main.courserating", "pk": 6, "fields": {"course": 10, "student": 1, "rating": 0, "reviews": "5", "review_time": "2025-11-28T16:51:06.233Z"}}, {"model": "main.courserating", "pk": 7, "fields": {"course": 17, "student": 1, "rating": 4, "reviews": "Good for learning", "review_time": "2025-11-28T18:58:29.413Z"}}, {"model": "main.courserating", "pk": 8, "fields": {"course": 16, "student": 1, "rating": 4, "reviews": "Good learning platform...", "review_time": "2025-11-28T20:35:58.598Z"}}, {"model": "main.courserating", "pk": 9, "fields": {"course": 18, "student": 1, "rating": 4, "reviews": "good", "review_time": "2025-11-29T15:56:35.340Z"}}, {"model": "main.studentfavoritecourse", "pk": 13, "fields": {"course": 11, "student": 1, "status": true}}, {"model": "main.studentfavoritecourse", "pk": 14, "fields": {"course": 12, "student": 1, "status": true}}, {"model": "main.studentfavoritecourse", "pk": 15, "fields": {"course": 14, "student": 4, "status": true}}, {"model": "main.studentassignment", "pk": 1, "fields": {"teacher": 1, "student": 2, "title": "python", "detail": "In Python, a class is typically described using a docstring placed immediately after the class definition. This explains what the class represents, its purpose, and any important details.", "student_status": null, "add_time": "2025-11-28T17:04:14.772Z"}}, {"model": "main.studentassignment", "pk": 2, "fields": {"teacher": 2, "student": 1, "title": "Python", "detail": "CRUD Operation", "student_status": true, "add_time": "2025-11-28T19:58:05.302Z"}}, {"model": "main.quiz", "pk": 1, "fields": {"teacher": 3, "title": "Technical Question", "detail": "Basic of the Questions", "add_time": "2025-11-27T11:31:57.291Z"}}, {"model": "main.quiz", "pk": 2, "fields": {"teacher": 2, "title": "python", "detail": "A list in Python is a collection of items stored in a single variable.\r\nLists are ordered, changeable (mutable), allow duplicate values, and can store mixed data types.", "add_time": "2025-12-02T03:34:46.740Z"}}, {"model": "main.quizquestions", "pk": 1, "fields": {"quiz": 1, "questions": "Which of the following data structures is best suited for implementing a LIFO (Last In, First Out) system?", "ans1": "Queue", "ans2": "Stack", "ans3": "Linked List", "ans4": "Hash Table", "right_ans": "Stack", "add_time": "2025-11-27T11:32:06.400Z"}}, {"model": "main.quizquestions", "pk": 2, "fields": {"quiz": 2, "questions": "Which of the following creates a list in Python?", "ans1": "mylist = (1, 2, 3)", "ans2": "mylist = {1, 2, 3}", "ans3": "mylist = [1, 2, 3]", "ans4": "mylist = <1, 2, 3>", "right_ans": "mylist = [1, 2, 3]", "add_time": "2025-12-02T03:36:27.196Z"}}, {"model": "main.quizquestions", "pk": 3, "fields": {"quiz": 2, "questions": "What is the index of the first element in a list?", "ans1": "1", "ans2": "-1", "ans3": "2", "ans4": "0", "right_ans": "0", "add_time": "2025-12-02T03:38:56.991Z"}}, {"model": "main.quizquestions", "pk": 4, "fields": {"quiz": 2, "questions": "Which method adds an item to the end of a list?", "ans1": "append()", "ans2": "extend()", "ans3": "add()", "ans4": "push()", "right_ans": "append()", "add_time": "2025-12-02T03:40:05.016Z"}}, {"model": "main.quizquestions", "pk": 5, "fields": {"quiz": 2, "questions": "How do you remove an item by its value in a list?", "ans1": "pop()", "ans2": "remove()", "ans3": "clear()", "ans4": "pop(0)", "right_ans": "remove()", "add_time": "2025-12-02T03:41:06.825Z"}}, {"model": "main.quizquestions", "pk": 6, "fields": {"quiz": 2, "questions": "What will mylist[ -1 ] return?", "ans1": "The first element", "ans2": "An error", "ans3": "A random element", "ans4": "The last element", "right_ans": "The last element", "add_time": "2025-12-02T03:43:31.290Z"}}, {"model": "main.attemptquiz", "pk": 1, "fields": {"student": 1, "quiz": 1, "question": 1, "right_ans": "Stack", "add_time": "2025-11-28T15:46:11.950Z"}}, {"model": "main.attemptquiz", "pk": 2, "fields": {"student": 1, "quiz": 1, "question": 1, "right_ans": "Stack", "add_time": "2025-11-28T15:55:54.795Z"}}, {"model": "main.attemptquiz", "pk": 3, "fields": {"student": 1, "quiz": 1, "question": 1, "right_ans": "Stack", "add_time": "2025-11-28T15:56:03.936Z"}}, {"model": "main.attemptquiz", "pk": 4, "fields": {"student": 1, "quiz": 1, "question": 1, "right_ans": "Queue", "add_time": "2025-11-28T15:56:14.875Z"}}, {"model": "main.attemptquiz", "pk": 5, "fields": {"student": 1, "quiz": 1, "question": 1, "right_ans": "Queue", "add_time": "2025-11-28T15:57:26.530Z"}}, {"model": "main.attemptquiz", "pk": 6, "fields": {"student": 1, "quiz": 1, "question": 1, "right_ans": "Stack", "add_time": "2025-11-28T15:57:33.895Z"}}, {"model": "main.attemptquiz", "pk": 7, "fields": {"student": 1, "quiz": 2, "question": 2, "right_ans": "mylist = 1, 2, 3", "add_time": "2025-12-02T03:37:17.887Z"}}, {"model": "main.attemptquiz", "pk": 8, "fields": {"student": 1, "quiz": 2, "question": 2, "right_ans": "mylist = [1, 2, 3]", "add_time": "2025-12-02T03:52:21.565Z"}}, {"model": "main.attemptquiz", "pk": 9, "fields": {"student": 1, "quiz": 2, "question": 3, "right_ans": "0", "add_time": "2025-12-02T03:52:27.688Z"}}, {"model": "main.attemptquiz", "pk": 10, "fields": {"student": 1, "quiz": 2, "question": 4, "right_ans": "append()", "add_time": "2025-12-02T03:52:34.053Z"}}, {"model": "main.attemptquiz", "pk": 11, "fields": {"student": 1, "quiz": 2, "question": 5, "right_ans": "pop(0)", "add_time": "2025-12-02T03:52:50.468Z"}}, {"model": "main.attemptquiz", "pk": 12, "fields": {"student": 1, "quiz": 2, "question": 6, "right_ans": "The last element", "add_time": "2025-12-02T03:53:16.912Z"}}, {"model": "main.attemptquiz", "pk": 14, "fields": {"student": 1, "quiz": 2, "question": 2, "right_ans": "mylist = <1, 2, 3>", "add_time": "2025-12-04T06:27:13.081Z"}}, {"model": "main.attemptquiz", "pk": 15, "fields": {"student": 1, "quiz": 2, "question": 2, "right_ans": "mylist = (1, 2, 3)", "add_time": "2025-12-04T06:28:47.608Z"}}, {"model": "main.attemptquiz", "pk": 16, "fields": {"student": 1, "quiz": 2, "question": 2, "right_ans": "mylist = [1, 2, 3]", "add_time": "2025-12-04T17:32:22.572Z"}}, {"model": "main.attemptquiz", "pk": 17, "fields": {"student": 1, "quiz": 2, "question": 3, "right_ans": "0", "add_time": "2025-12-04T17:32:28.309Z"}}, {"model": "main.attemptquiz", "pk": 18, "fields": {"student": 1, "quiz": 2, "question": 4, "right_ans": "append()", "add_time": "2025-12-04T17:32:34.095Z"}}, {"model": "main.attemptquiz", "pk": 19, "fields": {"student": 1, "quiz": 2, "question": 5, "right_ans": "clear()", "add_time": "2025-12-04T17:32:46.582Z"}}, {"model": "main.attemptquiz", "pk": 20, "fields": {"student": 1, "quiz": 2, "question": 6, "right_ans": "The last element", "add_time": "2025-12-04T17:32:53.178Z"}}, {"model": "main.attemptquiz", "pk": 23, "fields": {"student": 1, "quiz": 2, "question": 2, "right_ans": "mylist = [1, 2, 3]", "add_time": "2025-12-04T17:33:44.759Z"}}, {"model": "main.attemptquiz", "pk": 24, "fields": {"student": 1, "quiz": 2, "question": 3, "right_ans": "0", "add_time": "2025-12-04T17:33:53.603Z"}}, {"model": "main.attemptquiz", "pk": 25, "fields": {"student": 1, "quiz": 2, "question": 4, "right_ans": "append()", "add_time": "2025-12-04T17:34:14.288Z"}}, {"model": "main.attemptquiz", "pk": 26, "fields": {"student": 1, "quiz": 2, "question": 5, "right_ans": "remove()", "add_time": "2025-12-04T17:34:20.906Z"}}, {"model": "main.attemptquiz", "pk": 27, "fields": {"student": 1, "quiz": 2, "question": 6, "right_ans": "The last element", "add_time": "2025-12-04T17:34:32.013Z"}}, {"model": "main.attemptquiz", "pk": 30, "fields": {"student": 1, "quiz": 2, "question": 2, "right_ans": "mylist = [1, 2, 3]", "add_time": "2025-12-04T17:44:54.476Z"}}, {"model": "main.attemptquiz", "pk": 31, "fields": {"student": 1, "quiz": 2, "question": 3, "right_ans": "-1", "add_time": "2025-12-04T17:44:57.185Z"}}, {"model": "main.attemptquiz", "pk": 32, "fields": {"student": 1, "quiz": 2, "question": 4, "right_ans": "add()", "add_time": "2025-12-04T17:44:59.692Z"}}, {"model": "main.attemptquiz", "pk": 33, "fields": {"student": 1, "quiz": 2, "question": 5, "right_ans": "clear()", "add_time": "2025-12-04T17:45:02.278Z"}}, {"model": "main.attemptquiz", "pk": 34, "fields": {"student": 1, "quiz": 2, "question": 6, "right_ans": "A random element", "add_time": "2025-12-04T17:45:04.506Z"}}, {"model": "main.attemptquiz", "pk": 37, "fields": {"student": 1, "quiz": 2, "question": 2, "right_ans": "mylist = (1, 2, 3)", "add_time": "2025-12-04T17:45:39.800Z"}}, {"model": "main.attemptquiz", "pk": 38, "fields": {"student": 1, "quiz": 2, "question": 3, "right_ans": "-1", "add_time": "2025-12-04T17:45:45.071Z"}}, {"model": "main.attemptquiz", "pk": 39, "fields": {"student": 1, "quiz": 2, "question": 4, "right_ans": "push()", "add_time": "2025-12-04T17:45:49.972Z"}}, {"model": "main.attemptquiz", "pk": 40, "fields": {"student": 1, "quiz": 2, "question": 5, "right_ans": "pop(0)", "add_time": "2025-12-04T17:45:54.192Z"}}, {"model": "main.attemptquiz", "pk": 41, "fields": {"student": 1, "quiz": 2, "question": 6, "right_ans": "The last element", "add_time": "2025-12-04T17:46:03.218Z"}}, {"model": "main.attemptquiz", "pk": 44, "fields": {"student": 1, "quiz": 2, "question": 2, "right_ans": "mylist = (1, 2, 3)", "add_time": "2025-12-04T17:49:03.678Z"}}, {"model": "main.attemptquiz", "pk": 45, "fields": {"student": 1, "quiz": 2, "question": 3, "right_ans": "2", "add_time": "2025-12-04T17:49:09.294Z"}}, {"model": "main.attemptquiz", "pk": 46, "fields": {"student": 1, "quiz": 2, "question": 4, "right_ans": "push()", "add_time": "2025-12-04T17:49:11.410Z"}}, {"model": "main.attemptquiz", "pk": 47, "fields": {"student": 1, "quiz": 2, "question": 5, "right_ans": "pop(0)", "add_time": "2025-12-04T17:49:13.425Z"}}, {"model": "main.attemptquiz", "pk": 48, "fields": {"student": 1, "quiz": 2, "question": 6, "right_ans": "The last element", "add_time": "2025-12-04T17:49:16.439Z"}}, {"model": "main.attemptquiz", "pk": 51, "fields": {"student": 1, "quiz": 2, "question": 2, "right_ans": "mylist = [1, 2, 3]", "add_time": "2025-12-04T17:53:02.374Z"}}, {"model": "main.attemptquiz", "pk": 52, "fields": {"student": 1, "quiz": 2, "question": 3, "right_ans": "0", "add_time": "2025-12-04T17:53:05.620Z"}}, {"model": "main.attemptquiz", "pk": 53, "fields": {"student": 1, "quiz": 2, "question": 4, "right_ans": "add()", "add_time": "2025-12-04T17:53:07.690Z"}}, {"model": "main.attemptquiz", "pk": 54, "fields": {"student": 1, "quiz": 2, "question": 5, "right_ans": "clear()", "add_time": "2025-12-04T17:53:09.852Z"}}, {"model": "main.attemptquiz", "pk": 55, "fields": {"student": 1, "quiz": 2, "question": 6, "right_ans": "A random element", "add_time": "2025-12-04T17:53:12.319Z"}}, {"model": "main.attemptquiz", "pk": 58, "fields": {"student": 1, "quiz": 2, "question": 2, "right_ans": "mylist = [1, 2, 3]", "add_time": "2025-12-04T17:55:03.170Z"}}, {"model": "main.attemptquiz", "pk": 59, "fields": {"student": 1, "quiz": 2, "question": 3, "right_ans": "0", "add_time": "2025-12-04T17:55:05.672Z"}}, {"model": "main.attemptquiz", "pk": 60, "fields": {"student": 1, "quiz": 2, "question": 4, "right_ans": "push()", "add_time": "2025-12-04T17:55:07.760Z"}}, {"model": "main.attemptquiz", "pk": 61, "fields": {"student": 1, "quiz": 2, "question": 5, "right_ans": "pop(0)", "add_time": "2025-12-04T17:55:09.781Z"}}, {"model": "main.attemptquiz", "pk": 62, "fields": {"student": 1, "quiz": 2, "question": 6, "right_ans": "The last element", "add_time": "2025-12-04T17:55:11.957Z"}}, {"model": "main.attemptquiz", "pk": 65, "fields": {"student": 1, "quiz": 2, "question": 2, "right_ans": "mylist = {1, 2, 3}", "add_time": "2025-12-05T07:44:25.304Z"}}, {"model": "main.attemptquiz", "pk": 66, "fields": {"student": 1, "quiz": 2, "question": 3, "right_ans": "-1", "add_time": "2025-12-05T07:44:34.714Z"}}, {"model": "main.attemptquiz", "pk": 67, "fields": {"student": 1, "quiz": 2, "question": 4, "right_ans": "extend()", "add_time": "2025-12-05T07:44:37.986Z"}}, {"model": "main.attemptquiz", "pk": 68, "fields": {"student": 1, "quiz": 2, "question": 5, "right_ans": "remove()", "add_time": "2025-12-05T07:44:44.095Z"}}, {"model": "main.attemptquiz", "pk": 69, "fields": {"student": 1, "quiz": 2, "question": 6, "right_ans": "A random element", "add_time": "2025-12-05T07:44:47.111Z"}}, {"model": "main.attemptquiz", "pk": 72, "fields": {"student": 1, "quiz": 2, "question": 2, "right_ans": "mylist = {1, 2, 3}", "add_time": "2025-12-05T07:58:12.175Z"}}, {"model": "main.attemptquiz", "pk": 73, "fields": {"student": 1, "quiz": 2, "question": 3, "right_ans": "-1", "add_time": "2025-12-05T07:58:14.698Z"}}, {"model": "main.attemptquiz", "pk": 74, "fields": {"student": 1, "quiz": 2, "question": 4, "right_ans": "extend()", "add_time": "2025-12-05T07:58:16.906Z"}}, {"model": "main.attemptquiz", "pk": 75, "fields": {"student": 1, "quiz": 2, "question": 5, "right_ans": "clear()", "add_time": "2025-12-05T07:58:19.128Z"}}, {"model": "main.attemptquiz", "pk": 76, "fields": {"student": 1, "quiz": 2, "question": 6, "right_ans": "A random element", "add_time": "2025-12-05T07:58:21.459Z"}}, {"model": "main.attemptquiz", "pk": 79, "fields": {"student": 1, "quiz": 2, "question": 2, "right_ans": "mylist = {1, 2, 3}", "add_time": "2025-12-05T07:59:03.655Z"}}, {"model": "main.attemptquiz", "pk": 80, "fields": {"student": 1, "quiz": 2, "question": 3, "right_ans": "1", "add_time": "2025-12-05T07:59:17.894Z"}}, {"model": "main.attemptquiz", "pk": 81, "fields": {"student": 1, "quiz": 2, "question": 4, "right_ans": "push()", "add_time": "2025-12-05T07:59:24.652Z"}}, {"model": "main.attemptquiz", "pk": 82, "fields": {"student": 1, "quiz": 2, "question": 5, "right_ans": "remove()", "add_time": "2025-12-05T07:59:29.066Z"}}, {"model": "main.attemptquiz", "pk": 83, "fields": {"student": 1, "quiz": 2, "question": 6, "right_ans": "The last element", "add_time": "2025-12-05T07:59:34.499Z"}}, {"model": "main.attemptquiz", "pk": 86, "fields": {"student": 1, "quiz": 2, "question": 2, "right_ans": "mylist = [1, 2, 3]", "add_time": "2025-12-05T08:06:39.884Z"}}, {"model": "main.attemptquiz", "pk": 87, "fields": {"student": 1, "quiz": 2, "question": 3, "right_ans": "-1", "add_time": "2025-12-05T08:06:45.246Z"}}, {"model": "main.attemptquiz", "pk": 88, "fields": {"student": 1, "quiz": 2, "question": 4, "right_ans": "extend()", "add_time": "2025-12-05T08:06:52.003Z"}}, {"model": "main.attemptquiz", "pk": 89, "fields": {"student": 1, "quiz": 2, "question": 5, "right_ans": "remove()", "add_time": "2025-12-05T08:06:57.440Z"}}, {"model": "main.attemptquiz", "pk": 90, "fields": {"student": 1, "quiz": 2, "question": 6, "right_ans": "The last element", "add_time": "2025-12-05T08:07:01.871Z"}}, {"model": "main.attemptquiz", "pk": 93, "fields": {"student": 1, "quiz": 2, "question": 2, "right_ans": "mylist = [1, 2, 3]", "add_time": "2025-12-05T08:33:32.838Z"}}, {"model": "main.attemptquiz", "pk": 94, "fields": {"student": 1, "quiz": 2, "question": 3, "right_ans": "-1", "add_time": "2025-12-05T08:33:35.779Z"}}, {"model": "main.attemptquiz", "pk": 95, "fields": {"student": 1, "quiz": 2, "question": 4, "right_ans": "extend()", "add_time": "2025-12-05T08:33:38.411Z"}}, {"model": "main.attemptquiz", "pk": 96, "fields": {"student": 1, "quiz": 2, "question": 5, "right_ans": "remove()", "add_time": "2025-12-05T08:33:40.786Z"}}, {"model": "main.attemptquiz", "pk": 97, "fields": {"student": 1, "quiz": 2, "question": 6, "right_ans": "The last element", "add_time": "2025-12-05T08:33:43.563Z"}}, {"model": "main.attemptquiz", "pk": 98, "fields": {"student": 1, "quiz": 2, "question": 2, "right_ans": "mylist = {1, 2, 3}", "add_time": "2025-12-05T08:43:06.395Z"}}, {"model": "main.attemptquiz", "pk": 99, "fields": {"student": 1, "quiz": 2, "question": 3, "right_ans": "-1", "add_time": "2025-12-05T08:43:09.947Z"}}, {"model": "main.attemptquiz", "pk": 100, "fields": {"student": 1, "quiz": 2, "question": 4, "right_ans": "extend()", "add_time": "2025-12-05T08:43:12.779Z"}}, {"model": "main.attemptquiz", "pk": 101, "fields": {"student": 1, "quiz": 2, "question": 5, "right_ans": "remove()", "add_time": "2025-12-05T08:43:15.176Z"}}, {"model": "main.attemptquiz", "pk": 102, "fields": {"student": 1, "quiz": 2, "question": 6, "right_ans": "A random element", "add_time": "2025-12-05T08:43:17.485Z"}}, {"model": "main.attemptquiz", "pk": 103, "fields": {"student": 1, "quiz": 2, "question": 2, "right_ans": "mylist = [1, 2, 3]", "add_time": "2025-12-05T08:50:30.659Z"}}, {"model": "main.attemptquiz", "pk": 104, "fields": {"student": 1, "quiz": 2, "question": 3, "right_ans": "2", "add_time": "2025-12-05T08:50:33.608Z"}}, {"model": "main.attemptquiz", "pk": 105, "fields": {"student": 1, "quiz": 2, "question": 4, "right_ans": "extend()", "add_time": "2025-12-05T08:50:36.194Z"}}, {"model": "main.attemptquiz", "pk": 106, "fields": {"student": 1, "quiz": 2, "question": 5, "right_ans": "remove()", "add_time": "2025-12-05T08:50:38.694Z"}}, {"model": "main.attemptquiz", "pk": 107, "fields": {"student": 1, "quiz": 2, "question": 6, "right_ans": "A random element", "add_time": "2025-12-05T08:50:41.246Z"}}, {"model": "main.attemptquiz", "pk": 108, "fields": {"student": 1, "quiz": 2, "question": 2, "right_ans": "mylist = {1, 2, 3}", "add_time": "2025-12-05T08:53:17.253Z"}}, {"model": "main.attemptquiz", "pk": 109, "fields": {"student": 1, "quiz": 2, "question": 3, "right_ans": "2", "add_time": "2025-12-05T08:53:19.905Z"}}, {"model": "main.attemptquiz", "pk": 110, "fields": {"student": 1, "quiz": 2, "question": 4, "right_ans": "extend()", "add_time": "2025-12-05T08:53:23.402Z"}}, {"model": "main.attemptquiz", "pk": 111, "fields": {"student": 1, "quiz": 2, "question": 5, "right_ans": "remove()", "add_time": "2025-12-05T08:53:26.427Z"}}, {"model": "main.attemptquiz", "pk": 112, "fields": {"student": 1, "quiz": 2, "question": 6, "right_ans": "The last element", "add_time": "2025-12-05T08:53:29.237Z"}}, {"model": "main.attemptquiz", "pk": 113, "fields": {"student": 1, "quiz": 2, "question": 2, "right_ans": "mylist = [1, 2, 3]", "add_time": "2025-12-05T08:56:37.579Z"}}, {"model": "main.attemptquiz", "pk": 114, "fields": {"student": 1, "quiz": 2, "question": 3, "right_ans": "2", "add_time": "2025-12-05T08:56:40.164Z"}}, {"model": "main.attemptquiz", "pk": 115, "fields": {"student": 1, "quiz": 2, "question": 4, "right_ans": "extend()", "add_time": "2025-12-05T08:56:43.047Z"}}, {"model": "main.attemptquiz", "pk": 116, "fields": {"student": 1, "quiz": 2, "question": 5, "right_ans": "remove()", "add_time": "2025-12-05T08:56:45.604Z"}}, {"model": "main.attemptquiz", "pk": 117, "fields": {"student": 1, "quiz": 2, "question": 6, "right_ans": "A random element", "add_time": "2025-12-05T08:56:47.815Z"}}, {"model": "main.attemptquiz", "pk": 118, "fields": {"student": 1, "quiz": 2, "question": 2, "right_ans": "mylist = [1, 2, 3]", "add_time": "2025-12-05T09:01:22.492Z"}}, {"model": "main.attemptquiz", "pk": 119, "fields": {"student": 1, "quiz": 2, "question": 3, "right_ans": "0", "add_time": "2025-12-05T09:01:25.786Z"}}, {"model": "main.attemptquiz", "pk": 120, "fields": {"student": 1, "quiz": 2, "question": 4, "right_ans": "append()", "add_time": "2025-12-05T09:01:36.427Z"}}, {"model": "main.attemptquiz", "pk": 121, "fields": {"student": 1, "quiz": 2, "question": 5, "right_ans": "remove()", "add_time": "2025-12-05T09:01:40.707Z"}}, {"model": "main.attemptquiz", "pk": 122, "fields": {"student": 1, "quiz": 2, "question": 6, "right_ans": "The last element", "add_time": "2025-12-05T09:01:43.540Z"}}, {"model": "main.attemptquiz", "pk": 123, "fields": {"student": 1, "quiz": 2, "question": 2, "right_ans": "mylist = [1, 2, 3]", "add_time": "2025-12-05T09:05:50.576Z"}}, {"model": "main.attemptquiz", "pk": 124, "fields": {"student": 1, "quiz": 2, "question": 3, "right_ans": "0", "add_time": "2025-12-05T09:05:53.529Z"}}, {"model": "main.attemptquiz", "pk": 125, "fields": {"student": 1, "quiz": 2, "question": 4, "right_ans": "append()", "add_time": "2025-12-05T09:05:56.689Z"}}, {"model": "main.attemptquiz", "pk": 126, "fields": {"student": 1, "quiz": 2, "question": 5, "right_ans": "remove()", "add_time": "2025-12-05T09:05:59.226Z"}}, {"model": "main.attemptquiz", "pk": 127, "fields": {"student": 1, "quiz": 2, "question": 6, "right_ans": "The last element", "add_time": "2025-12-05T09:06:02.853Z"}}, {"model": "main.attemptquiz", "pk": 128, "fields": {"student": 1, "quiz": 2, "question": 2, "right_ans": "mylist = [1, 2, 3]", "add_time": "2025-12-05T09:59:32.443Z"}}, {"model": "main.attemptquiz", "pk": 129, "fields": {"student": 1, "quiz": 2, "question": 3, "right_ans": "0", "add_time": "2025-12-05T09:59:35.421Z"}}, {"model": "main.attemptquiz", "pk": 130, "fields": {"student": 1, "quiz": 2, "question": 4, "right_ans": "extend()", "add_time": "2025-12-05T09:59:38.405Z"}}, {"model": "main.attemptquiz", "pk": 131, "fields": {"student": 1, "quiz": 2, "question": 5, "right_ans": "remove()", "add_time": "2025-12-05T09:59:41.736Z"}}, {"model": "main.attemptquiz", "pk": 132, "fields": {"student": 1, "quiz": 2, "question": 6, "right_ans": "The last element", "add_time": "2025-12-05T09:59:45.006Z"}}, {"model": "main.attemptquiz", "pk": 133, "fields": {"student": 1, "quiz": 2, "question": 2, "right_ans": "mylist = (1, 2, 3)", "add_time": "2025-12-05T10:00:31.282Z"}}, {"model": "main.attemptquiz", "pk": 134, "fields": {"student": 1, "quiz": 2, "question": 3, "right_ans": "2", "add_time": "2025-12-05T10:00:37.026Z"}}, {"model": "main.attemptquiz", "pk": 135, "fields": {"student": 1, "quiz": 2, "question": 4, "right_ans": "extend()", "add_time": "2025-12-05T10:00:41.756Z"}}, {"model": "main.attemptquiz", "pk": 136, "fields": {"student": 1, "quiz": 2, "question": 5, "right_ans": "pop(0)", "add_time": "2025-12-05T10:00:46.731Z"}}, {"model": "main.attemptquiz", "pk": 137, "fields": {"student": 1, "quiz": 2, "question": 6, "right_ans": "The last element", "add_time": "2025-12-05T10:00:50.133Z"}}, {"model": "main.attemptquiz", "pk": 138, "fields": {"student": 1, "quiz": 2, "question": 2, "right_ans": "mylist = [1, 2, 3]", "add_time": "2025-12-05T10:10:08.142Z"}}, {"model": "main.attemptquiz", "pk": 139, "fields": {"student": 1, "quiz": 2, "question": 3, "right_ans": "0", "add_time": "2025-12-05T10:10:11.899Z"}}, {"model": "main.attemptquiz", "pk": 140, "fields": {"student": 1, "quiz": 2, "question": 4, "right_ans": "extend()", "add_time": "2025-12-05T10:10:14.707Z"}}, {"model": "main.attemptquiz", "pk": 141, "fields": {"student": 1, "quiz": 2, "question": 5, "right_ans": "remove()", "add_time": "2025-12-05T10:10:29.123Z"}}, {"model": "main.attemptquiz", "pk": 142, "fields": {"student": 1, "quiz": 2, "question": 6, "right_ans": "The last element", "add_time": "2025-12-05T10:10:31.842Z"}}, {"model": "main.attemptquiz", "pk": 143, "fields": {"student": 1, "quiz": 2, "question": 2, "right_ans": "mylist = [1, 2, 3]", "add_time": "2025-12-05T10:18:13.190Z"}}, {"model": "main.attemptquiz", "pk": 144, "fields": {"student": 1, "quiz": 2, "question": 3, "right_ans": "0", "add_time": "2025-12-05T10:18:15.828Z"}}, {"model": "main.attemptquiz", "pk": 145, "fields": {"student": 1, "quiz": 2, "question": 4, "right_ans": "append()", "add_time": "2025-12-05T10:18:18.939Z"}}, {"model": "main.attemptquiz", "pk": 146, "fields": {"student": 1, "quiz": 2, "question": 5, "right_ans": "remove()", "add_time": "2025-12-05T10:18:21.577Z"}}, {"model": "main.attemptquiz", "pk": 147, "fields": {"student": 1, "quiz": 2, "question": 6, "right_ans": "The last element", "add_time": "2025-12-05T10:18:24.388Z"}}, {"model": "main.attemptquiz", "pk": 148, "fields": {"student": 1, "quiz": 2, "question": 2, "right_ans": "mylist = [1, 2, 3]", "add_time": "2025-12-06T08:39:52.825Z"}}, {"model": "main.attemptquiz", "pk": 149, "fields": {"student": 1, "quiz": 2, "question": 3, "right_ans": "2", "add_time": "2025-12-06T08:39:55.425Z"}}, {"model": "main.attemptquiz", "pk": 150, "fields": {"student": 1, "quiz": 2, "question": 4, "right_ans": "extend()", "add_time": "2025-12-06T08:39:57.821Z"}}, {"model": "main.attemptquiz", "pk": 151, "fields": {"student": 1, "quiz": 2, "question": 5, "right_ans": "remove()", "add_time": "2025-12-06T08:40:00.117Z"}}, {"model": "main.attemptquiz", "pk": 152, "fields": {"student": 1, "quiz": 2, "question": 6, "right_ans": "A random element", "add_time": "2025-12-06T08:40:02.608Z"}}, {"model": "main.teacherstudentchat", "pk": 1, "fields": {"teacher": 2, "student": 1, "msg_to": "hello\r\n", "msg_from": "student", "msg_time": "2025-10-30T06:45:11.140Z", "is_group": false, "is_read": false, "msg_type": "individual", "parent_group": null}}, {"model": "main.teacherstudentchat", "pk": 2, "fields": {"teacher": 2, "student": 1, "msg_to": "", "msg_from": "student", "msg_time": "2025-10-30T06:45:22.063Z", "is_group": false, "is_read": false, "msg_type": "individual", "parent_group": null}}, {"model": "main.teacherstudentchat", "pk": 3, "fields": {"teacher": 2, "student": 1, "msg_to": "hello mam\r\n", "msg_from": "student", "msg_time": "2025-11-03T10:49:04.156Z", "is_group": false, "is_read": false, "msg_type": "individual", "parent_group": null}}, {"model": "main.teacherstudentchat", "pk": 4, "fields": {"teacher": 2, "student": 1, "msg_to": "hello\r\n", "msg_from": "teacher", "msg_time": "2025-11-28T17:10:26.467Z", "is_group": false, "is_read": false, "msg_type": "individual", "parent_group": null}}, {"model": "main.teacherstudentchat", "pk": 5, "fields": {"teacher": 2, "student": 1, "msg_to": "hello student we have meeting at the line od now\r\n", "msg_from": "teacher", "msg_time": "2025-12-02T10:16:06.911Z", "is_group": false, "is_read": false, "msg_type": "individual", "parent_group": null}}, {"model": "main.teacherstudentchat", "pk": 6, "fields": {"teacher": 2, "student": 1, "msg_to": "hello student we have meeting at the line od now\r\n", "msg_from": "teacher", "msg_time": "2025-12-02T10:16:06.990Z", "is_group": false, "is_read": false, "msg_type": "individual", "parent_group": null}}, {"model": "main.teacherstudentchat", "pk": 7, "fields": {"teacher": 2, "student": 1, "msg_to": "hello student we have meeting at the line od now\r\n", "msg_from": "teacher", "msg_time": "2025-12-02T10:16:07.018Z", "is_group": false, "is_read": false, "msg_type": "individual", "parent_group": null}}, {"model": "main.teacherstudentchat", "pk": 8, "fields": {"teacher": 2, "student": 1, "msg_to": "hello student we have meeting at the line od now\r\n", "msg_from": "teacher", "msg_time": "2025-12-02T10:16:07.036Z", "is_group": false, "is_read": false, "msg_type": "individual", "parent_group": null}}, {"model": "main.teacherstudentchat", "pk": 9, "fields": {"teacher": 2, "student": 1, "msg_to": "hello", "msg_from": "teacher", "msg_time": "2025-12-02T16:48:10.205Z", "is_group": false, "is_read": false, "msg_type": "individual", "parent_group": null}}, {"model": "main.teacherstudentchat", "pk": 10, "fields": {"teacher": 2, "student": 1, "msg_to": "hmm\r\n", "msg_from": "teacher", "msg_time": "2025-12-02T16:48:26.918Z", "is_group": false, "is_read": false, "msg_type": "individual", "parent_group": null}}, {"model": "main.teacherstudentchat", "pk": 11, "fields": {"teacher": 2, "student": 1, "msg_to": "hey fine\r\n", "msg_from": "teacher", "msg_time": "2025-12-02T16:50:16.537Z", "is_group": true, "is_read": false, "msg_type": "group", "parent_group": null}}, {"model": "main.teacherstudentchat", "pk": 12, "fields": {"teacher": 2, "student": 1, "msg_to": "hey fine\r\n", "msg_from": "teacher", "msg_time": "2025-12-02T16:50:16.558Z", "is_group": true, "is_read": false, "msg_type": "group", "parent_group": null}}, {"model": "main.teacherstudentchat", "pk": 13, "fields": {"teacher": 2, "student": 1, "msg_to": "hey fine\r\n", "msg_from": "teacher", "msg_time": "2025-12-02T16:50:16.691Z", "is_group": true, "is_read": false, "msg_type": "group", "parent_group": null}}, {"model": "main.teacherstudentchat", "pk": 14, "fields": {"teacher": 2, "student": 1, "msg_to": "hey fine\r\n", "msg_from": "teacher", "msg_time": "2025-12-02T16:50:16.713Z", "is_group": true, "is_read": false, "msg_type": "group", "parent_group": null}}, {"model": "main.teacherstudentchat", "pk": 15, "fields": {"teacher": 2, "student": 1, "msg_to": "priyanka hi", "msg_from": "teacher", "msg_time": "2025-12-03T06:00:45.083Z", "is_group": false, "is_read": false, "msg_type": "individual", "parent_group": null}}, {"model": "main.teacherstudentchat", "pk": 16, "fields": {"teacher": 2, "student": 1, "msg_to": "hello mama i sure we will get that in the way", "msg_from": "student", "msg_time": "2025-12-03T08:13:57.663Z", "is_group": false, "is_read": false, "msg_type": "individual", "parent_group": null}}, {"model": "main.teacherstudentchat", "pk": 17, "fields": {"teacher": 2, "student": 1, "msg_to": "haha", "msg_from": "student", "msg_time": "2025-12-03T09:57:00.335Z", "is_group": true, "is_read": false, "msg_type": "group", "parent_group": null}}, {"model": "main.teacherstudentchat", "pk": 18, "fields": {"teacher": 2, "student": 1, "msg_to": "haha", "msg_from": "student", "msg_time": "2025-12-03T09:57:00.367Z", "is_group": true, "is_read": false, "msg_type": "group", "parent_group": null}}, {"model": "main.teacherstudentchat", "pk": 19, "fields": {"teacher": 2, "student": 1, "msg_to": "haha", "msg_from": "student", "msg_time": "2025-12-03T09:57:00.394Z", "is_group": true, "is_read": false, "msg_type": "group", "parent_group": null}}, {"model": "main.teacherstudentchat", "pk": 20, "fields": {"teacher": 2, "student": 1, "msg_to": "haha", "msg_from": "student", "msg_time": "2025-12-03T09:57:00.419Z", "is_group": true, "is_read": false, "msg_type": "group", "parent_group": null}}, {"model": "main.teacherstudentchat", "pk": 21, "fields": {"teacher": 2, "student": 1, "msg_to": "hmm", "msg_from": "teacher", "msg_time": "2025-12-03T10:22:19.319Z", "is_group": false, "is_read": false, "msg_type": "individual", "parent_group": null}}, {"model": "main.teacherstudentchat", "pk": 22, "fields": {"teacher": 2, "student": 1, "msg_to": "mam i had doubt about the python", "msg_from": "student", "msg_time": "2025-12-03T10:23:48.355Z", "is_group": true, "is_read": false, "msg_type": "group", "parent_group": null}}, {"model": "main.teacherstudentchat", "pk": 23, "fields": {"teacher": 2, "student": 1, "msg_to": "mam i had doubt about the python", "msg_from": "student", "msg_time": "2025-12-03T10:23:48.379Z", "is_group": true, "is_read": false, "msg_type": "group", "parent_group": null}}, {"model": "main.teacherstudentchat", "pk": 24, "fields": {"teacher": 2, "student": 1, "msg_to": "mam i had doubt about the python", "msg_from": "student", "msg_time": "2025-12-03T10:23:48.399Z", "is_group": true, "is_read": false, "msg_type": "group", "parent_group": null}}, {"model": "main.teacherstudentchat", "pk": 25, "fields": {"teacher": 2, "student": 1, "msg_to": "mam i had doubt about the python", "msg_from": "student", "msg_time": "2025-12-03T10:23:48.418Z", "is_group": true, "is_read": false, "msg_type": "group", "parent_group": null}}, {"model": "main.teacherstudentchat", "pk": 26, "fields": {"teacher": 2, "student": 1, "msg_to": "hello gyus", "msg_from": "teacher", "msg_time": "2025-12-03T16:46:31.895Z", "is_group": true, "is_read": false, "msg_type": "group", "parent_group": null}}, {"model": "main.teacherstudentchat", "pk": 27, "fields": {"teacher": 2, "student": 1, "msg_to": "hello gyus", "msg_from": "teacher", "msg_time": "2025-12-03T16:46:31.920Z", "is_group": true, "is_read": false, "msg_type": "group", "parent_group": null}}, {"model": "main.teacherstudentchat", "pk": 28, "fields": {"teacher": 2, "student": 1, "msg_to": "hello gyus", "msg_from": "teacher", "msg_time": "2025-12-03T16:46:31.950Z", "is_group": true, "is_read": false, "msg_type": "group", "parent_group": null}}, {"model": "main.teacherstudentchat", "pk": 29, "fields": {"teacher": 2, "student": 1, "msg_to": "hello gyus", "msg_from": "teacher", "msg_time": "2025-12-03T16:46:31.972Z", "is_group": true, "is_read": false, "msg_type": "group", "parent_group": null}}, {"model": "main.teacherstudentchat", "pk": 30, "fields": {"teacher": 2, "student": 1, "msg_to": "yes mam", "msg_from": "student", "msg_time": "2025-12-03T16:47:02.097Z", "is_group": true, "is_read": false, "msg_type": "group", "parent_group": null}}, {"model": "main.teacherstudentchat", "pk": 31, "fields": {"teacher": 2, "student": 1, "msg_to": "yes mam", "msg_from": "student", "msg_time": "2025-12-03T16:47:02.126Z", "is_group": true, "is_read": false, "msg_type": "group", "parent_group": null}}, {"model": "main.teacherstudentchat", "pk": 32, "fields": {"teacher": 2, "student": 1, "msg_to": "yes mam", "msg_from": "student", "msg_time": "2025-12-03T16:47:02.147Z", "is_group": true, "is_read": false, "msg_type": "group", "parent_group": null}}, {"model": "main.teacherstudentchat", "pk": 33, "fields": {"teacher": 2, "student": 1, "msg_to": "yes mam", "msg_from": "student", "msg_time": "2025-12-03T16:47:02.176Z", "is_group": true, "is_read": false, "msg_type": "group", "parent_group": null}}, {"model": "main.teacherstudentchat", "pk": 34, "fields": {"teacher": 2, "student": null, "msg_to": "fine dude\r\n", "msg_from": "teacher", "msg_time": "2025-12-03T17:01:10.794Z", "is_group": true, "is_read": false, "msg_type": "group", "parent_group": null}}, {"model": "main.teacherstudentchat", "pk": 35, "fields": {"teacher": 2, "student": null, "msg_to": "ok mam", "msg_from": "student", "msg_time": "2025-12-03T17:01:38.401Z", "is_group": true, "is_read": false, "msg_type": "group", "parent_group": null}}, {"model": "main.teacherstudentchat", "pk": 36, "fields": {"teacher": 2, "student": null, "msg_to": "eeeeeeeeeeee", "msg_from": "teacher", "msg_time": "2025-12-03T17:04:05.279Z", "is_group": true, "is_read": false, "msg_type": "group", "parent_group": null}}, {"model": "main.teacherstudentchat", "pk": 37, "fields": {"teacher": 2, "student": null, "msg_to": "eeeeeeeeeee", "msg_from": "student", "msg_time": "2025-12-03T17:04:22.960Z", "is_group": true, "is_read": false, "msg_type": "group", "parent_group": null}}, {"model": "main.teacherstudentchat", "pk": 38, "fields": {"teacher": 2, "student": null, "msg_to": "helo", "msg_from": "teacher", "msg_time": "2025-12-03T17:14:33.173Z", "is_group": true, "is_read": false, "msg_type": "group", "parent_group": null}}, {"model": "main.teacherstudentchat", "pk": 39, "fields": {"teacher": 2, "student": null, "msg_to": "hey hi", "msg_from": "student", "msg_time": "2025-12-03T17:14:51.755Z", "is_group": true, "is_read": false, "msg_type": "group", "parent_group": null}}, {"model": "main.teacherstudentchat", "pk": 40, "fields": {"teacher": 2, "student": 1, "msg_to": "hey", "msg_from": "student", "msg_time": "2025-12-04T17:27:18.738Z", "is_group": false, "is_read": false, "msg_type": "individual", "parent_group": null}}, {"model": "main.teacherstudentchat", "pk": 41, "fields": {"teacher": 2, "student": 1, "msg_to": "im now availale here\r\n", "msg_from": "teacher", "msg_time": "2025-12-04T17:28:14.004Z", "is_group": false, "is_read": false, "msg_type": "individual", "parent_group": null}}, {"model": "main.teacherstudentchat", "pk": 42, "fields": {"teacher": 2, "student": null, "msg_to": "hello students\r\n", "msg_from": "teacher", "msg_time": "2025-12-04T17:29:30.833Z", "is_group": true, "is_read": false, "msg_type": "group", "parent_group": null}}, {"model": "main.teacherstudentchat", "pk": 43, "fields": {"teacher": 2, "student": null, "msg_to": "yes mam", "msg_from": "student", "msg_time": "2025-12-04T17:30:57.147Z", "is_group": true, "is_read": false, "msg_type": "group", "parent_group": null}}, {"model": "auth.user", "fields": {"password": "pbkdf2_sha256$1000000$TVvrVx2vfi6cfGKoj98yuc$4z3KFI26kYkIqazTbwl2N3aTBsKoWPQ0jtZ7ZUhmEd8=", "last_login": null, "is_superuser": true, "username": "priyankavarman", "first_name": "", "last_name": "", "email": "priyankapranika17@gmail.com", "is_staff": true, "is_active": true, "date_joined": "2025-10-13T12:50:56.042Z", "groups": [], "user_permissions": []}}, {"model": "auth.user", "fields": {"password": "pbkdf2_sha256$1000000$RqFsoRTAC0CwAkX3yhEqi7$J7SuggoUItGRIIzu9v6M20Vfjb1pItfcw3T9B3cad7k=", "last_login": "2025-12-06T09:46:46.494Z", "is_superuser": true, "username": "sushma", "first_name": "", "last_name": "", "email": "sushms@gmail.com", "is_staff": true, "is_active": true, "date_joined": "2025-11-05T10:05:25.353Z", "groups": [], "user_permissions": []}}, {"model": "sessions.session", "pk": "dvc6twhs81j9a9mscm5073s6s6tqxrmm", "fields": {"session_data": ".eJxVjDsOwjAQRO_iGlmJv2tK-pzB2l07OIAcKU4qxN1JpBTQTDHvzbxFxG0tcWt5iVMSV6HE5bcj5GeuB0gPrPdZ8lzXZSJ5KPKkTQ5zyq_b6f4dFGxlX_eG09jBHtYkIGcAvApZB2ZrvVfKaUXAIXjrnA66zwbBKU8dYcIRxecL1GY3jw:1vRosI:NaPWhdAKVdgaewJi5OkckBYtBYPTHmfxy55JqO227MI", "expire_date": "2025-12-20T09:46:46.512Z"}}, {"model": "sessions.session", "pk": "i62wy8wzd3k3zp3j1wblqqe50v9ydlii", "fields": {"session_data": ".eJxVjDsOwjAQRO_iGlmJv2tK-pzB2l07OIAcKU4qxN1JpBTQTDHvzbxFxG0tcWt5iVMSV6HE5bcj5GeuB0gPrPdZ8lzXZSJ5KPKkTQ5zyq_b6f4dFGxlX_eG09jBHtYkIGcAvApZB2ZrvVfKaUXAIXjrnA66zwbBKU8dYcIRxecL1GY3jw:1vGaOy:DMKp6CwpwNeiYcXouAEAUF6jf9lNp5lDvmB7K5gZgYM", "expire_date": "2025-11-19T10:06:04.670Z"}}, {"model": "sessions.session", "pk": "va10rhgmmbpmdwhm8lu4pq9sqnnf8yei", "fields": {"session_data": ".eJxVjDsOwjAQRO_iGlmJv2tK-pzB2l07OIAcKU4qxN1JpBTQTDHvzbxFxG0tcWt5iVMSV6HE5bcj5GeuB0gPrPdZ8lzXZSJ5KPKkTQ5zyq_b6f4dFGxlX_eG09jBHtYkIGcAvApZB2ZrvVfKaUXAIXjrnA66zwbBKU8dYcIRxecL1GY3jw:1vOaAq:uytbLET4-2DWMeUdY8PpqjZBKsqSmVRgYbmWLpvt7y8", "expire_date": "2025-12-11T11:28:32.168Z"}}, {"model": "sites.site", "fields": {"domain": "example.com", "name": "example.com"}}, {"model": "admin.logentry", "pk": 1, "fields": {"action_time": "2025-11-27T11:31:57.294Z", "user": ["sushma"], "content_type": ["main", "quiz"], "object_id": "1", "object_repr": "Quiz object (1)", "action_flag": 1, "change_message": "[{\"added\": {}}]"}}, {"model": "admin.logentry", "pk": 2, "fields": {"action_time": "2025-11-27T11:32:06.406Z", "user": ["sushma"], "content_type": ["main", "quizquestions"], "object_id": "1", "object_repr": "QuizQuestions object (1)", "action_flag": 1, "change_message": "[{\"added\": {}}]"}}, {"model": "admin.logentry", "pk": 3, "fields": {"action_time": "2025-11-28T05:52:42.268Z", "user": ["sushma"], "content_type": ["main", "coursecategory"], "object_id": "10", "object_repr": "JavaScript", "action_flag": 1, "change_message": "[{\"added\": {}}]"}}, {"model": "admin.logentry", "pk": 4, "fields": {"action_time": "2025-11-28T05:53:31.968Z", "user": ["sushma"], "content_type": ["main", "coursecategory"], "object_id": "1", "object_repr": "\"Electronics\"", "action_flag": 3, "change_message": ""}}, {"model": "admin.logentry", "pk": 5, "fields": {"action_time": "2025-11-28T05:53:42.719Z", "user": ["sushma"], "content_type": ["main", "coursecategory"], "object_id": "3", "object_repr": "Java", "action_flag": 3, "change_message": ""}}, {"model": "admin.logentry", "pk": 6, "fields": {"action_time": "2025-11-28T05:55:02.375Z", "user": ["sushma"], "content_type": ["main", "coursecategory"], "object_id": "2", "object_repr": "python", "action_flag": 3, "change_message": ""}}, {"model": "admin.logentry", "pk": 7, "fields": {"action_time": "2025-11-28T05:55:50.384Z", "user": ["sushma"], "content_type": ["main", "coursecategory"], "object_id": "4", "object_repr": "Java", "action_flag": 3, "change_message": ""}}, {"model": "admin.logentry", "pk": 8, "fields": {"action_time": "2025-11-28T05:55:56.533Z", "user": ["sushma"], "content_type": ["main", "coursecategory"], "object_id": "5", "object_repr": "SOL", "action_flag": 3, "change_message": ""}}, {"model": "admin.logentry", "pk": 9, "fields": {"action_time": "2025-11-28T05:56:03.326Z", "user": ["sushma"], "content_type": ["main", "coursecategory"], "object_id": "6", "object_repr": "React", "action_flag": 3, "change_message": ""}}, {"model": "admin.logentry", "pk": 10, "fields": {"action_time": "2025-11-28T06:05:21.652Z", "user": ["sushma"], "content_type": ["main", "coursecategory"], "object_id": "7", "object_repr": "IoT", "action_flag": 3, "change_message": ""}}, {"model": "admin.logentry", "pk": 11, "fields": {"action_time": "2025-11-28T06:05:28.730Z", "user": ["sushma"], "content_type": ["main", "coursecategory"], "object_id": "8", "object_repr": "CAD", "action_flag": 3, "change_message": ""}}, {"model": "admin.logentry", "pk": 12, "fields": {"action_time": "2025-11-28T06:05:32.998Z", "user": ["sushma"], "content_type": ["main", "coursecategory"], "object_id": "9", "object_repr": "AI", "action_flag": 3, "change_message": ""}}, {"model": "admin.logentry", "pk": 13, "fields": {"action_time": "2025-11-28T06:05:38.227Z", "user": ["sushma"], "content_type": ["main", "coursecategory"], "object_id": "10", "object_repr": "JavaScript", "action_flag": 3, "change_message": ""}}, {"model": "admin.logentry", "pk": 14, "fields": {"action_time": "2025-11-28T06:10:29.226Z", "user": ["sushma"], "content_type": ["main", "coursecategory"], "object_id": "11", "object_repr": "Certified GenAI Creator", "action_flag": 1, "change_message": "[{\"added\": {}}]"}}, {"model": "admin.logentry", "pk": 15, "fields": {"action_time": "2025-11-28T06:11:24.478Z", "user": ["sushma"], "content_type": ["main", "coursecategory"], "object_id": "12", "object_repr": "AI & Machine Learning Professional Track", "action_flag": 1, "change_message": "[{\"added\": {}}]"}}, {"model": "admin.logentry", "pk": 16, "fields": {"action_time": "2025-11-28T06:11:44.365Z", "user": ["sushma"], "content_type": ["main", "coursecategory"], "object_id": "13", "object_repr": "Data Science & Business Analytics Program", "action_flag": 1, "change_message": "[{\"added\": {}}]"}}, {"model": "admin.logentry", "pk": 17, "fields": {"action_time": "2025-11-28T06:12:00.382Z", "user": ["sushma"], "content_type": ["main", "coursecategory"], "object_id": "14", "object_repr": "AIpreneur Starter Pack", "action_flag": 1, "change_message": "[{\"added\": {}}]"}}, {"model": "admin.logentry", "pk": 18, "fields": {"action_time": "2025-11-28T06:12:24.132Z", "user": ["sushma"], "content_type": ["main", "coursecategory"], "object_id": "15", "object_repr": "Robotics & IoT Foundations", "action_flag": 1, "change_message": "[{\"added\": {}}]"}}, {"model": "admin.logentry", "pk": 19, "fields": {"action_time": "2025-11-28T06:13:03.483Z", "user": ["sushma"], "content_type": ["main", "coursecategory"], "object_id": "16", "object_repr": "Agentic AI Bootcamp", "action_flag": 1, "change_message": "[{\"added\": {}}]"}}, {"model": "admin.logentry", "pk": 20, "fields": {"action_time": "2025-11-28T06:13:20.571Z", "user": ["sushma"], "content_type": ["main", "coursecategory"], "object_id": "17", "object_repr": "Corporate AI Transformation Bootcamp", "action_flag": 1, "change_message": "[{\"added\": {}}]"}}, {"model": "admin.logentry", "pk": 21, "fields": {"action_time": "2025-11-28T06:13:41.629Z", "user": ["sushma"], "content_type": ["main", "coursecategory"], "object_id": "18", "object_repr": "Generative AI for Creative Industries", "action_flag": 1, "change_message": "[{\"added\": {}}]"}}, {"model": "admin.logentry", "pk": 22, "fields": {"action_time": "2025-12-06T09:53:29.583Z", "user": ["sushma"], "content_type": ["main", "teacher"], "object_id": "1", "object_repr": "priya", "action_flag": 2, "change_message": "[{\"changed\": {\"fields\": [\"Is approved\"]}}]"}}, {"model": "admin.logentry", "pk": 23, "fields": {"action_time": "2025-12-06T09:53:40.076Z", "user": ["sushma"], "content_type": ["main", "teacher"], "object_id": "2", "object_repr": "arav", "action_flag": 2, "change_message": "[{\"changed\": {\"fields\": [\"Is approved\"]}}]"}}, {"model": "admin.logentry", "pk": 24, "fields": {"action_time": "2025-12-06T14:19:37.220Z", "user": ["sushma"], "content_type": ["main", "teacher"], "object_id": "3", "object_repr": "sushma", "action_flag": 2, "change_message": "[{\"changed\": {\"fields\": [\"Is approved\"]}}]"}}, {"model": "admin.logentry", "pk": 25, "fields": {"action_time": "2025-12-06T14:20:07.608Z", "user": ["sushma"], "content_type": ["main", "student"], "object_id": "1", "object_repr": "priyanka", "action_flag": 2, "change_message": "[{\"changed\": {\"fields\": [\"Is approved\"]}}]"}}, {"model": "admin.logentry", "pk": 26, "fields": {"action_time": "2025-12-06T14:20:19.220Z", "user": ["sushma"], "content_type": ["main", "student"], "object_id": "2", "object_repr": "arav", "action_flag": 2, "change_message": "[{\"changed\": {\"fields\": [\"Is approved\"]}}]"}}, {"model": "admin.logentry", "pk": 27, "fields": {"action_time": "2025-12-06T16:41:33.194Z", "user": ["sushma"], "content_type": ["main", "teacher"], "object_id": "6", "object_repr": "jai", "action_flag": 2, "change_message": "[{\"changed\": {\"fields\": [\"Is approved\"]}}]"}}, {"model": "admin.logentry", "pk": 28, "fields": {"action_time": "2025-12-06T17:22:37.824Z", "user": ["sushma"], "content_type": ["main", "student"], "object_id": "4", "object_repr": "jessi", "action_flag": 2, "change_message": "[{\"changed\": {\"fields\": [\"Is approved\"]}}]"}}]
